Full Path,Name,URL,Description
經濟資料庫/07統計學暨實習_計量經濟學導論暨實習,07統計學暨實習_計量經濟學導論暨實習,https://drive.google.com/drive/folders/14_neCiLFpYKFDe7ciYUNTFGKmTmUVNnW,
經濟資料庫/07統計學暨實習_計量經濟學導論暨實習/7.02張素梅,7.02張素梅,https://drive.google.com/drive/folders/1QovuvlBBKyRePjl9Rtcg6KtsL-E7P9Fd,
經濟資料庫/07統計學暨實習_計量經濟學導論暨實習/7.02張素梅/實習相關檔案,實習相關檔案,https://drive.google.com/drive/folders/1BxpNK44IhdVqpXM7S7ghEHrSgku0WgJj,
經濟資料庫/07統計學暨實習_計量經濟學導論暨實習/7.02張素梅/隨堂考,隨堂考,https://drive.google.com/drive/folders/1NnDbBvc8-tKo63sdtsoYBk9Z-eqkIgkJ,
經濟資料庫/07統計學暨實習_計量經濟學導論暨實習/7.02張素梅/作業,作業,https://drive.google.com/drive/folders/1jTskSv6AEps58QdI3NV_QxbtfZz4O6Kr,
經濟資料庫/07統計學暨實習_計量經濟學導論暨實習/7.02張素梅/小考,小考,https://drive.google.com/drive/folders/1uXdXdWfpc4IeraakWiZqNLxeM9OT2a4C,
經濟資料庫/07統計學暨實習_計量經濟學導論暨實習/7.01陳旭昇+駱明慶,7.01陳旭昇+駱明慶,https://drive.google.com/drive/folders/1DwUN1tT9T4juKewZuzTYRpjzH8NEPTnC,
經濟資料庫/07統計學暨實習_計量經濟學導論暨實習/7.01陳旭昇+駱明慶/課本習題解答與新舊版對照,課本習題解答與新舊版對照,https://drive.google.com/drive/folders/1HCuxnxSpqXBSseAn-OeF0kuDz6c2RjDc,
經濟資料庫/07統計學暨實習_計量經濟學導論暨實習/7.01陳旭昇+駱明慶/上學期習題,上學期習題,https://drive.google.com/drive/folders/1OcbrvRuflvCmQbO8FBokNalW5pdD8Zdb,
經濟資料庫/07統計學暨實習_計量經濟學導論暨實習/7.01陳旭昇+駱明慶/上學期期中考,上學期期中考,https://drive.google.com/drive/folders/1YovJcXh-mljxWHM4ysHfqPtMqW-pDR8f,
經濟資料庫/07統計學暨實習_計量經濟學導論暨實習/7.01陳旭昇+駱明慶/下學期期初考,下學期期初考,https://drive.google.com/drive/folders/1b8UAd_XhGp1tB46PW49FpQPei4ovSmLW,
經濟資料庫/07統計學暨實習_計量經濟學導論暨實習/7.01陳旭昇+駱明慶/上學期期初考,上學期期初考,https://drive.google.com/drive/folders/1bW3T2Bx_TnNh1e3zTmVvgz05Z4Or9QoE,
經濟資料庫/07統計學暨實習_計量經濟學導論暨實習/7.01陳旭昇+駱明慶/下學期小考,下學期小考,https://drive.google.com/drive/folders/1coen1EexBeMupf8fpjYuYBRGdKZtp0v-,
經濟資料庫/07統計學暨實習_計量經濟學導論暨實習/7.01陳旭昇+駱明慶/下學期實習講義,下學期實習講義,https://drive.google.com/drive/folders/1j1-8lY11xVsIJ4inWUH84ZxyJGOFiYbV,
經濟資料庫/07統計學暨實習_計量經濟學導論暨實習/7.01陳旭昇+駱明慶/下學期期中考,下學期期中考,https://drive.google.com/drive/folders/1prP87sfTHe0NEgPtV1HCKmXi3QV17D1M,
經濟資料庫/07統計學暨實習_計量經濟學導論暨實習/7.01陳旭昇+駱明慶/上學期小考,上學期小考,https://drive.google.com/drive/folders/1qVGArLp49HzOAKbor_VvTeTpLNOZ8bng,
經濟資料庫/07統計學暨實習_計量經濟學導論暨實習/7.01陳旭昇+駱明慶/課程評價,課程評價,https://drive.google.com/drive/folders/1yg2zffR-paiNGO07Q8PgyjPE9mMQXH7L,
經濟資料庫/07統計學暨實習_計量經濟學導論暨實習/7.01陳旭昇+駱明慶/其他,其他,https://drive.google.com/drive/folders/1545MH_15WOH5GZl8W5oGi7UhsY4qkI2S,
經濟資料庫/07統計學暨實習_計量經濟學導論暨實習/7.01陳旭昇+駱明慶/下學期習題,下學期習題,https://drive.google.com/drive/folders/1OBs55N1WpLBjiffS8j5Im7G50AB3GPDO,
經濟資料庫/07統計學暨實習_計量經濟學導論暨實習/7.01陳旭昇+駱明慶/上學期期末考,上學期期末考,https://drive.google.com/drive/folders/1Rs-NNkZp7I0oZG9-QmoPSDMlA9jlF2WN,
經濟資料庫/07統計學暨實習_計量經濟學導論暨實習/7.01陳旭昇+駱明慶/下學期期末考,下學期期末考,https://drive.google.com/drive/folders/1bRe1o_SVywSXTkhn45zH8DHA5kgkt0JL,
經濟資料庫/07統計學暨實習_計量經濟學導論暨實習/7.03林惠玲,7.03林惠玲,https://drive.google.com/drive/folders/1JfvcTpdRdUyo63NBs_8WMSg4SBtIFS3u,
經濟資料庫/07統計學暨實習_計量經濟學導論暨實習/7.03林惠玲/上學期期末考,上學期期末考,https://drive.google.com/drive/folders/15aUrkxaUXLHtrZH63kQoP11EaD3KC3cX,
經濟資料庫/07統計學暨實習_計量經濟學導論暨實習/7.03林惠玲/課程評價,課程評價,https://drive.google.com/drive/folders/1SFGCG3-GdKbvPLGbq9UoOKVxE7LlMfIF,
經濟資料庫/07統計學暨實習_計量經濟學導論暨實習/7.03林惠玲/上學期期中考,上學期期中考,https://drive.google.com/drive/folders/1VQfSuKHOrX5fuiFu01us6XuimdXHOyoG,
經濟資料庫/07統計學暨實習_計量經濟學導論暨實習/7.03林惠玲/小考,小考,https://drive.google.com/drive/folders/1n3DrI_KvoRJuJFmGqPom-F7hPWZwG3-U,
經濟資料庫/07統計學暨實習_計量經濟學導論暨實習/7.05李宗穎+朱建達,7.05李宗穎+朱建達,https://drive.google.com/drive/folders/1rMWcr5Uq0-y0WUCD6xoLw3Sp7WUYfVLl,
經濟資料庫/07統計學暨實習_計量經濟學導論暨實習/7.05李宗穎+朱建達/下學期期末考,下學期期末考,https://drive.google.com/drive/folders/1CodyIt8Q-MB_K-1KE2G0pZrZUeeUkLUO,
經濟資料庫/07統計學暨實習_計量經濟學導論暨實習/7.05李宗穎+朱建達/上學期期中考,上學期期中考,https://drive.google.com/drive/folders/1QbSzj_qtaseGUvn9UwvdxGNjSOBbxfLW,
經濟資料庫/07統計學暨實習_計量經濟學導論暨實習/7.05李宗穎+朱建達/下學期期中考,下學期期中考,https://drive.google.com/drive/folders/1XXzEOwAVwYwA9TvcHgD026Zy5ei1kla0,
經濟資料庫/07統計學暨實習_計量經濟學導論暨實習/7.04張勝凱,7.04張勝凱,https://drive.google.com/drive/folders/1yiWLVRqZCmAuM05QEv7flJ5f8ZoR9i1n,
經濟資料庫/07統計學暨實習_計量經濟學導論暨實習/7.04張勝凱/習題,習題,https://drive.google.com/drive/folders/1AsKKicKRxF3N7ax_gBrpE-bqv-3Hgyvn,
經濟資料庫/07統計學暨實習_計量經濟學導論暨實習/7.04張勝凱/課程評價,課程評價,https://drive.google.com/drive/folders/1APywtWSW2uBrZd9BwO3Mt8vrToTDzzY2,
經濟資料庫/07統計學暨實習_計量經濟學導論暨實習/7.04張勝凱/期中期末,期中期末,https://drive.google.com/drive/folders/1dE4_EOvZ6m14KLG6JrVHeH3COaB2EnaX,
經濟資料庫/07統計學暨實習_計量經濟學導論暨實習/7.04張勝凱/實習相關檔案,實習相關檔案,https://drive.google.com/drive/folders/1o3Mx053f72TJT6SKCJBzapZGb6v1zhva,
經濟資料庫/08財政學,08財政學,https://drive.google.com/drive/folders/14epjp5PKYCbmkjM3Ks5aApcrJ5URqZOI,
經濟資料庫/08財政學/8.02宋玉生,8.02宋玉生,https://drive.google.com/drive/folders/1OYJPODJtceVrEDG-OmepcQYvbAyBapi3,
經濟資料庫/08財政學/8.02宋玉生/課程評價,課程評價,https://drive.google.com/drive/folders/16wqcH44QmGgZmdpxYR5__J-RTabAKE8V,
經濟資料庫/08財政學/8.02宋玉生/下學期期中考,下學期期中考,https://drive.google.com/drive/folders/1MRvK_56xruqXinjdMlwCDN30K-YeaQa1,
經濟資料庫/08財政學/8.02宋玉生/上學期期末考,上學期期末考,https://drive.google.com/drive/folders/1TbQn9OV1F7J6nYpuL4LoHnUGQfV5bFcr,
經濟資料庫/08財政學/8.02宋玉生/下學期期末考,下學期期末考,https://drive.google.com/drive/folders/1jBzaPEYhIuHg1ZMOJlbZARPNV3aGjf_R,
經濟資料庫/08財政學/8.02宋玉生/上學期期中考,上學期期中考,https://drive.google.com/drive/folders/1ofFhoXz6poQegZSO0wddrzQEA8q9XIZQ,
經濟資料庫/08財政學/8.02宋玉生/期中考、期末考合併,期中考、期末考合併,https://drive.google.com/drive/folders/1pEkftU4Q4Yoz8PXIQeCLyppSnW0hDPfY,
經濟資料庫/08財政學/8.03李顯峰,8.03李顯峰,https://drive.google.com/drive/folders/1cwOvl6a6PQpXiIqkQjqRQZG6yqxxM5Zl,
經濟資料庫/08財政學/8.01林全,8.01林全,https://drive.google.com/drive/folders/1gaqiElDBWud6rD19Uaaye92pqWZfsFge,
經濟資料庫/08財政學/8.01林全/下學期期中考(102以前),下學期期中考(102以前),https://drive.google.com/drive/folders/10fSvXm7Nu6LC3I7OJOD_mgYM1-5gzOPO,
經濟資料庫/08財政學/8.01林全/上學期期中考,上學期期中考,https://drive.google.com/drive/folders/1GDiQ5_Hg8q_pGTAML4TjKG3tl3R-Z7Gf,
經濟資料庫/08財政學/8.01林全/上學期期末考,上學期期末考,https://drive.google.com/drive/folders/1LKXFToDBFxbc3aG0k59g_UMFfAvIYL21,
經濟資料庫/08財政學/8.01林全/下學期期末考,下學期期末考,https://drive.google.com/drive/folders/1oEvIHusCmvnqbyPa0qDvydFXExW6Inmo,
經濟資料庫/08財政學/8.01林全/筆記,筆記,https://drive.google.com/drive/folders/1v751BFXKMYyoB99axhcgymAqU3F2rNVV,
經濟資料庫/08財政學/8.01林全/課程評價,課程評價,https://drive.google.com/drive/folders/1yQE9rAk-eoZvHUxWnwcP8odZsxrnwoOs,
經濟資料庫/82總體經濟理論三四,82總體經濟理論三四,https://drive.google.com/drive/folders/1GiR4HcAld7wexKmU_AvedrZ88VH3gJrT,
經濟資料庫/82總體經濟理論三四/82.02宮崎浩一(三下),82.02宮崎浩一(三下),https://drive.google.com/drive/folders/19mWW1xt_d5mwLHDtmSWkR_72yB0QrTui,
經濟資料庫/82總體經濟理論三四/82.04柏木昌成(四下),82.04柏木昌成(四下),https://drive.google.com/drive/folders/1IWpI8PLBUT4NtoJcjQUEeM5gp__e3LsT,
經濟資料庫/82總體經濟理論三四/82.03廖珮如(四上),82.03廖珮如(四上),https://drive.google.com/drive/folders/1KcSKaptRvIpXrjr4IgLiXNEDbgYKknTS,
經濟資料庫/82總體經濟理論三四/82.01李怡庭(三上),82.01李怡庭(三上),https://drive.google.com/drive/folders/1dOh9yVfGatRWW146oCiOimEyoF6Iz96I,
經濟資料庫/03會計學甲,03會計學甲,https://drive.google.com/drive/folders/1SmPxKABh8Zcc-t7lYkbMyUuyg5B9cD-Y,
經濟資料庫/03會計學甲/3.03尤琳蕙,3.03尤琳蕙,https://drive.google.com/drive/folders/14lSBW3a-pfrVtN6TNlcJv5TNdngHO6ok,
經濟資料庫/03會計學甲/3.03尤琳蕙/105下學期期中考,105下學期期中考,https://drive.google.com/drive/folders/1CXgGX0T8bffijws4440Ipio6rVU-c4fR,
經濟資料庫/03會計學甲/3.03尤琳蕙/105上學期期中考,105上學期期中考,https://drive.google.com/drive/folders/1btZIHEh5BMwkHu1TOaZ_qxR-l0Cl_Bua,
經濟資料庫/03會計學甲/3.03尤琳蕙/105上學期期末考,105上學期期末考,https://drive.google.com/drive/folders/1iiR3b8MNeG89e5NlP1w_zYdpHYi72TBe,
經濟資料庫/03會計學甲/3.03尤琳蕙/105下學期期末考,105下學期期末考,https://drive.google.com/drive/folders/1q2p-D6mP77YN-yOv7lEkIIBiD4ireq6f,
經濟資料庫/03會計學甲/3.02林蕙真,3.02林蕙真,https://drive.google.com/drive/folders/1q9qdEBLmjcQUDGCMw98WIhfc6QRCuqdK,
經濟資料庫/03會計學甲/3.02林蕙真/歷年評價文,歷年評價文,https://drive.google.com/drive/folders/1ubLtpdMtpfm2kHxuRuTzqS5a61__8etG,
經濟資料庫/03會計學甲/3.02林蕙真/小考,小考,https://drive.google.com/drive/folders/1upwzu6_WlU0jVox6kxrok-t9QArH9Y98,
經濟資料庫/03會計學甲/3.02林蕙真/實習,實習,https://drive.google.com/drive/folders/1xuHmStQBVITSx2CHnbIAw_CSXaDtwXvT,
經濟資料庫/03會計學甲/3.01吳淑鈴,3.01吳淑鈴,https://drive.google.com/drive/folders/1vJ8wQNQEQLiYlmsqzHzwGs_5SMQX_aFf,
經濟資料庫/03會計學甲/3.01吳淑鈴/上學期小考,上學期小考,https://drive.google.com/drive/folders/1PKSVuz8D--XPUgp0nhI-YZRsEm5npMoa,
經濟資料庫/03會計學甲/3.01吳淑鈴/上學期期末考,上學期期末考,https://drive.google.com/drive/folders/1WmPHEMK1WuChIgOSNfyFz0htEr1Qat3O,
經濟資料庫/03會計學甲/3.01吳淑鈴/課本習題解答,課本習題解答,https://drive.google.com/drive/folders/1lnR9JGsnejISZEi6YnVR-PG03IQArGG8,
經濟資料庫/61數量方法入門,61數量方法入門,https://drive.google.com/drive/folders/1yaTwJ7UNByUp32zbyF1dAtBESxHUIwJX,
經濟資料庫/61數量方法入門/61.0陳釗而,61.0陳釗而,https://drive.google.com/drive/folders/1Hs96hUa1vToqiV0mj5gsvG6TdkujROiW,
經濟資料庫/61數量方法入門/61.02朱玉琦,61.02朱玉琦,https://drive.google.com/drive/folders/1Pwn-4zvUcd528fK5RsRa2OMOrJPoB9yZ,
經濟資料庫/61數量方法入門/61.02朱玉琦/期中考,期中考,https://drive.google.com/drive/folders/12I0YS4biJNCXZMRCehxhPEXX322gkPeD,
經濟資料庫/61數量方法入門/61.02朱玉琦/期末考,期末考,https://drive.google.com/drive/folders/1u1NQGdnEGlgkb0J-GlyFqUGE8BFgu_pg,
經濟資料庫/34計量經濟學,34計量經濟學,https://drive.google.com/drive/folders/13ziaafD-ccJjXksfQ4FQF8DF0RtIE-2n,
經濟資料庫/34計量經濟學/34.02劉錦添,34.02劉錦添,https://drive.google.com/drive/folders/1N-2qFFW96In_Xm9jdwCgJ129n-xn4918,
經濟資料庫/34計量經濟學/34.01江淳芳,34.01江淳芳,https://drive.google.com/drive/folders/1U47XfUizLujFD7gFaHaeBNoQ5rWQyqES,
經濟資料庫/34計量經濟學/34.01江淳芳/期初考,期初考,https://drive.google.com/drive/folders/1KxQtoRUpX9R5g8KRYbTZ86QV8BuelGdY,
經濟資料庫/34計量經濟學/34.01江淳芳/期中考,期中考,https://drive.google.com/drive/folders/1SLiMOol69Yag_PsQ93mfffwxoQhYD-G4,
經濟資料庫/34計量經濟學/34.01江淳芳/期末考,期末考,https://drive.google.com/drive/folders/1kLkBDKiyrGRyWUfD1-gXDfdMkzba0CBL,
經濟資料庫/41教育經濟學,41教育經濟學,https://drive.google.com/drive/folders/1Qu0Zdym4e9WHPfsIb4hYnj6p4C6XxhyY,
經濟資料庫/41教育經濟學/41.01駱明慶,41.01駱明慶,https://drive.google.com/drive/folders/1A6tt5Dablx_6pzNlCi8O1W1ksD7sWDWW,
經濟資料庫/23中等會計學,23中等會計學,https://drive.google.com/drive/folders/1REIPk9d_ghTPI5ipC0XaUbTqXwSAqAru,
經濟資料庫/23中等會計學/23.02王全三,23.02王全三,https://drive.google.com/drive/folders/1GXoJ5UaNLrULZfDpgoCiz4NX0sL8MlDZ,
經濟資料庫/23中等會計學/23.01李艷榕,23.01李艷榕,https://drive.google.com/drive/folders/1ML2PO2Ocf0_ocRdseTdGIX_guaL9EOa0,
經濟資料庫/23中等會計學/23.01李艷榕/課程評價,課程評價,https://drive.google.com/drive/folders/1FuzM6vkC3sRhuZ5FbtVYva-_wGbDy8rd,
經濟資料庫/23中等會計學/23.04劉心才,23.04劉心才,https://drive.google.com/drive/folders/1q24f1xRabUCTzw04KBS70-ucrOnELOlM,
經濟資料庫/23中等會計學/23.03蔡彥卿,23.03蔡彥卿,https://drive.google.com/drive/folders/1wpSqz9zxDlcoKMFraiEuQ37pD3hRrKg9,
經濟資料庫/64計量經濟理論一二,64計量經濟理論一二,https://drive.google.com/drive/folders/1UfIK6VjlaUJWRfZXdJ5gydJ5E8DIYFLQ,
經濟資料庫/64計量經濟理論一二/64.02陳宜廷(二),64.02陳宜廷(二),https://drive.google.com/drive/folders/1UROyoHDsW4pEIzT8Rp-fenXtcjSEOQbI,
經濟資料庫/64計量經濟理論一二/64.01陳釗而(一),64.01陳釗而(一),https://drive.google.com/drive/folders/1lolD-5XM4WaQlPL3m3u5-IuAlnwQYM33,
經濟資料庫/43經濟學的政策運用,43經濟學的政策運用,https://drive.google.com/drive/folders/1YHxrF8UDy8uBU2lNosNQEEVSMDT0f1Np,
經濟資料庫/43經濟學的政策運用/期末考,期末考,https://drive.google.com/drive/folders/18n-r1eUJLJSkf8uMEcm35Wb48T_7TkT4,
經濟資料庫/43經濟學的政策運用/課程內容（專欄文章）,課程內容（專欄文章）,https://drive.google.com/drive/folders/1orY9kwKt8LP2nQOuG13LJrEA7LXdx7_Y,
經濟資料庫/09貨幣銀行學,09貨幣銀行學,https://drive.google.com/drive/folders/1Z6RwB3Vgk3u5D5Ap7Rpm5I20KcBIrP4S,
經濟資料庫/09貨幣銀行學/9.03謝德宗,9.03謝德宗,https://drive.google.com/drive/folders/1AIVklS9JH8QawMdC_8CmV1HzYUXsARHP,
經濟資料庫/09貨幣銀行學/9.03謝德宗/上學期期中考,上學期期中考,https://drive.google.com/drive/folders/1AKuzw296b4-p34aNZoD7J13sFCLlZg25,
經濟資料庫/09貨幣銀行學/9.03謝德宗/上學期期末考,上學期期末考,https://drive.google.com/drive/folders/1EbqTbAjEDEiCTGpunPF4GIWji2vgIWjh,
經濟資料庫/09貨幣銀行學/9.01李怡庭,9.01李怡庭,https://drive.google.com/drive/folders/1Y7OuyB6-yWBpe7Y6bTwKx1Ao1uQJ2QQz,
經濟資料庫/09貨幣銀行學/9.01李怡庭/下學期期中考,下學期期中考,https://drive.google.com/drive/folders/1H0mF5gVGT0XLCtSnI-6EPsDP-KIV6SC_,
經濟資料庫/09貨幣銀行學/9.01李怡庭/上學期期末考,上學期期末考,https://drive.google.com/drive/folders/1KvM91yKixHTxQnY615YQCbNyY9fmRuo6,
經濟資料庫/09貨幣銀行學/9.01李怡庭/下學期期末考,下學期期末考,https://drive.google.com/drive/folders/1ehbF6w0LngcMEOQuf0dggiJPkmhElDNN,
經濟資料庫/09貨幣銀行學/9.01李怡庭/課程評價,課程評價,https://drive.google.com/drive/folders/1gk-p2UiebBHXnmU0FLn9FP_6rPSm1lUC,
經濟資料庫/09貨幣銀行學/9.01李怡庭/上學期期中考,上學期期中考,https://drive.google.com/drive/folders/1lntCy1Xb0aOGyWLKGRvGG-h5yUtLu_a3,
經濟資料庫/09貨幣銀行學/9.02陳南光,9.02陳南光,https://drive.google.com/drive/folders/1ehDzUAEG9dUyeCECvHRr-eE7p1WJUEVz,
經濟資料庫/09貨幣銀行學/9.02陳南光/課程評價,課程評價,https://drive.google.com/drive/folders/1dYIwFqWvwUsmRbb7fuO33CnR5jTqnTZu,
經濟資料庫/09貨幣銀行學/9.02陳南光/下學期期末,下學期期末,https://drive.google.com/drive/folders/1hK_wDYkKYuy0DlsyUwt-IZqSnCBrAKjN,
經濟資料庫/09貨幣銀行學/9.02陳南光/上學期期中,上學期期中,https://drive.google.com/drive/folders/1o7bsOCmysvRYIjphGLxotyciUv_927qR,
經濟資料庫/10貿易理論與貿易政策,10貿易理論與貿易政策,https://drive.google.com/drive/folders/1dPnEDYcmo_unz4oqa4J-3PJJ1fdOr21_,
經濟資料庫/10貿易理論與貿易政策/10.02劉碧珍,10.02劉碧珍,https://drive.google.com/drive/folders/115RRaO3IReWCF6R2EelXACHfX9UiuP7P,
經濟資料庫/10貿易理論與貿易政策/10.02劉碧珍/貿策期末考,貿策期末考,https://drive.google.com/drive/folders/1WHQq_TAf6G7NB7v-7vQduNA1-lleaDvr,
經濟資料庫/10貿易理論與貿易政策/10.02劉碧珍/貿論期中考,貿論期中考,https://drive.google.com/drive/folders/1kuimRuvOuzdPOlfrBfoAAOvURI88IRFL,
經濟資料庫/10貿易理論與貿易政策/10.02劉碧珍/貿策期中考,貿策期中考,https://drive.google.com/drive/folders/1lXmfkT_oug3HLUJ8bOdcc6-pZJM1hrsl,
經濟資料庫/10貿易理論與貿易政策/10.02劉碧珍/貿論期末考,貿論期末考,https://drive.google.com/drive/folders/1xgqU8pKzota39k67v7WdI1PDF8IBgUM9,
經濟資料庫/10貿易理論與貿易政策/10.01陳添枝,10.01陳添枝,https://drive.google.com/drive/folders/12ScTciRM4QVP2yp0HmlhhP-3PkoXg3rr,
經濟資料庫/10貿易理論與貿易政策/10.01陳添枝/貿論期末考,貿論期末考,https://drive.google.com/drive/folders/10EDbF-yVy7RZbP1bit54HQxQATTcwERD,
經濟資料庫/10貿易理論與貿易政策/10.01陳添枝/課本習題解答,課本習題解答,https://drive.google.com/drive/folders/1HjswP6Q7Q-AfJhPHOMYvimsYchpQ5v3Y,
經濟資料庫/10貿易理論與貿易政策/10.01陳添枝/貿論期中考,貿論期中考,https://drive.google.com/drive/folders/1IqD2_oCwHkMs6Qz3WK-_j2DV0S2js8KK,
經濟資料庫/10貿易理論與貿易政策/10.01陳添枝/貿策期末考,貿策期末考,https://drive.google.com/drive/folders/1PusBDM-jPhgCwETJygQUFrEnvNB3bz6x,
經濟資料庫/10貿易理論與貿易政策/10.01陳添枝/貿策期中考,貿策期中考,https://drive.google.com/drive/folders/1ce2xTRrT78a6HEXvBAOrXTd69udy4sfi,
經濟資料庫/10貿易理論與貿易政策/10.03朴至鎬,10.03朴至鎬,https://drive.google.com/drive/folders/18Q8ux6ce21u__CrOEcr1Zc78g3Ih2iC5,
經濟資料庫/10貿易理論與貿易政策/10.03朴至鎬/期中考,期中考,https://drive.google.com/drive/folders/1XeNsN3ZDmH95eS5u6WcnWstEvDZMQ12K,
經濟資料庫/42經濟史,42經濟史,https://drive.google.com/drive/folders/1fwjBQt94nx0YhzAMCWftTIgV-fMniuls,
經濟資料庫/33高等統計推論,33高等統計推論,https://drive.google.com/drive/folders/1oPrCgPxCPFpYnGhQDqpNf8oFxwxEZ74K,
經濟資料庫/33高等統計推論/33.02江金倉,33.02江金倉,https://drive.google.com/drive/folders/1mB9LCHviTWcF91q94u9YLFOw8ldQRT33,
經濟資料庫/33高等統計推論/33.01陳宏,33.01陳宏,https://drive.google.com/drive/folders/1qk4KBSe9PI0mP4QaNW6Hc_gd6elb7CEP,
經濟資料庫/33高等統計推論/33.01陳宏/課程評價,課程評價,https://drive.google.com/drive/folders/18hytDx3Xjn8S-lB7Xt-1d01HOdJqI__8,
經濟資料庫/31分析導論(高等微積分),31分析導論(高等微積分),https://drive.google.com/drive/folders/1vlBL0Vp_6x7wOvF4jfZXIz07n2B6Zctb,
經濟資料庫/31分析導論(高等微積分)/31.04陳俊全,31.04陳俊全,https://drive.google.com/drive/folders/11U8dQUd7Bn5BTbAnExyeWTIFFHef9YB5,
經濟資料庫/31分析導論(高等微積分)/31.04陳俊全/上學期期中考,上學期期中考,https://drive.google.com/drive/folders/1G6Uqyo434bCy4PqhtD4xx64vYd9FYQnM,
經濟資料庫/31分析導論(高等微積分)/31.02張志中,31.02張志中,https://drive.google.com/drive/folders/1SYDoJOKufKHWbcBkRUGwO8Ra_a0vER-T,
經濟資料庫/31分析導論(高等微積分)/31.03王振男,31.03王振男,https://drive.google.com/drive/folders/1osf-GCd6ZnUn4fgmWaJ6U4xUcqMVFMxD,
經濟資料庫/31分析導論(高等微積分)/31.03王振男/上學期期中考,上學期期中考,https://drive.google.com/drive/folders/1JmlZa6QAUq89QFrKzdIxol15ADyUU9ZK,
經濟資料庫/31分析導論(高等微積分)/31.03王振男/上學期期末考,上學期期末考,https://drive.google.com/drive/folders/1fHm1mBU8IrO8I2Aa1100FkHLZUzVbgML,
經濟資料庫/31分析導論(高等微積分)/31.01陳金次,31.01陳金次,https://drive.google.com/drive/folders/1sM-aDmHfmxGaqjZpFaibmjF67m1QW6nN,
經濟資料庫/31分析導論(高等微積分)/31.01陳金次/上學期期考,上學期期考,https://drive.google.com/drive/folders/1ExX6LSaaES616NiXrODzi60GnnnRyHS-,
經濟資料庫/31分析導論(高等微積分)/31.01陳金次/課程評價,課程評價,https://drive.google.com/drive/folders/1HDcROoaL2xvl2iv6m3GVHWZiE4y3lK4X,
經濟資料庫/31分析導論(高等微積分)/31.01陳金次/下學期期考,下學期期考,https://drive.google.com/drive/folders/1HvFprsxfy9Ov6ZYbefxa5hzVf0BptLEu,
經濟資料庫/31分析導論(高等微積分)/31.01陳金次/習題,習題,https://drive.google.com/drive/folders/1artYN_B9ds31U7-tsGPkj2M29xNCvZ-E,
經濟資料庫/02微積分,02微積分,https://drive.google.com/drive/folders/1Iy7Jt85rmqbI7FH4H2YNdbHP9YMILfCJ,
經濟資料庫/02微積分/2.01微甲統教,2.01微甲統教,https://drive.google.com/drive/folders/1INAzo3xExRmiej14uS0p53u0mVmvYA__,
經濟資料庫/02微積分/2.01微甲統教/2.01.0學習資源,2.01.0學習資源,https://drive.google.com/drive/folders/15akwOYspPw-xdWxVxyf4hOq5hJ-3xKOJ,
經濟資料庫/02微積分/2.01微甲統教/2.01.0學習資源/統一教學網,統一教學網,https://drive.google.com/drive/folders/1GX0XlCKsiZbkPTEO-ucteT0rtrif1Ut5,
經濟資料庫/02微積分/2.01微甲統教/2.01.0學習資源/課本習題解答,課本習題解答,https://drive.google.com/drive/folders/1VkyElqv9OHDg8_2GpQTSLo3f20-zF6z6,
經濟資料庫/02微積分/2.01微甲統教/2.01.0學習資源/課本習題解答/100微甲,100微甲,https://drive.google.com/drive/folders/1Z_lvAjIjeAcfX_X7NOxk_IMKKwV9UuJi,
經濟資料庫/02微積分/2.01微甲統教/2.01.2張志中,2.01.2張志中,https://drive.google.com/drive/folders/1ytpHI2bTsdpzA18VB6LNsJCwGvugZZYB,
經濟資料庫/02微積分/2.01微甲統教/2.01.2張志中/歷年評價文,歷年評價文,https://drive.google.com/drive/folders/1FIFDx3pkUpvC1EvYD7J2p_MkftMJi4y9,
經濟資料庫/02微積分/2.01微甲統教/2.01.2張志中/101上小考題目與解答,101上小考題目與解答,https://drive.google.com/drive/folders/1vvgjbMhBY3HgdbCQa9DbFmcyTqDR2wn9,
經濟資料庫/02微積分/2.01微甲統教/2.01.2張志中/101下小考題目與解答,101下小考題目與解答,https://drive.google.com/drive/folders/1w383XCWcIQx6QXWBYrkol-dHyL2YnVfe,
經濟資料庫/02微積分/2.01微甲統教/2.01.6莊武諺,2.01.6莊武諺,https://drive.google.com/drive/folders/1FRlUwWb6dJpP62cfVD94M-41xWQSnxlE,
經濟資料庫/02微積分/2.01微甲統教/2.01.6莊武諺/歷年評價文,歷年評價文,https://drive.google.com/drive/folders/1SB1037iD2Rr7j6Wtnm-PELljHSJqZQF9,
經濟資料庫/02微積分/2.01微甲統教/2.01.5蔡雅如,2.01.5蔡雅如,https://drive.google.com/drive/folders/1LjXK4e52kJypkC5JMH0x-wU5E5zQkatC,
經濟資料庫/02微積分/2.01微甲統教/2.01.5蔡雅如/歷年評價文,歷年評價文,https://drive.google.com/drive/folders/1B5R6gJTL2dy15qlJOTGVNzON2jbHIk0W,
經濟資料庫/02微積分/2.01微甲統教/2.01.1張鎮華,2.01.1張鎮華,https://drive.google.com/drive/folders/1WB1Gf0WEGi1AYA-81vJRSwvZkeMSW-92,
經濟資料庫/02微積分/2.01微甲統教/2.01.1張鎮華/101上小考,101上小考,https://drive.google.com/drive/folders/1JlkgfhE9mvp6lJfhKFE6XTwCBecKTd1t,
經濟資料庫/02微積分/2.01微甲統教/2.01.1張鎮華/101學年度下小考,101學年度下小考,https://drive.google.com/drive/folders/1hxgHpknqgm6HXETrRM9rws3J5uU_ubu9,
經濟資料庫/02微積分/2.01微甲統教/2.01.1張鎮華/歷年評價文,歷年評價文,https://drive.google.com/drive/folders/1nHUPR5mb4CzDYbCaFfpiIwU0Lj50vYAl,
經濟資料庫/02微積分/2.01微甲統教/2.01.3朱樺,2.01.3朱樺,https://drive.google.com/drive/folders/1_iVqzAigCcfJrXV3LDCdDYeB1nHMyWw0,
經濟資料庫/02微積分/2.01微甲統教/2.01.3朱樺/歷年評價文,歷年評價文,https://drive.google.com/drive/folders/19hXzfP-nCcmW2khP3THsNP1KnXUe3v8x,
經濟資料庫/02微積分/2.01微甲統教/2.01.4林楨芸,2.01.4林楨芸,https://drive.google.com/drive/folders/1g2vguQ5FczkyBoZ2jgtEfeDrk6JIcyZk,
經濟資料庫/02微積分/2.02微乙統教,2.02微乙統教,https://drive.google.com/drive/folders/1SOsWLc8dlWTf4o_QMQaM61F89WeyYTzU,
經濟資料庫/02微積分/2.02微乙統教/2.02.7林楨芸,2.02.7林楨芸,https://drive.google.com/drive/folders/15P0fdp_K0w3YlmSukPR0zz4VcYyH0nsz,
經濟資料庫/02微積分/2.02微乙統教/2.02.7林楨芸/歷年評價文,歷年評價文,https://drive.google.com/drive/folders/1MZaIy6Sfet4-j3WeUefdbKQlh2e3NCaf,
經濟資料庫/02微積分/2.02微乙統教/2.02.0學習資源,2.02.0學習資源,https://drive.google.com/drive/folders/19MVT4MtJXd71FpXfPnZIh3tF42FBZ7up,
經濟資料庫/02微積分/2.02微乙統教/2.02.0學習資源/小考,小考,https://drive.google.com/drive/folders/1Lp4AhxILC7Q93Fef5fkNg9fT3G7-IUAk,
經濟資料庫/02微積分/2.02微乙統教/2.02.0學習資源/小考/098下學期,098下學期,https://drive.google.com/drive/folders/11DXSlKhrG252omEJaPMhDwcx4VHXaOeJ,
經濟資料庫/02微積分/2.02微乙統教/2.02.0學習資源/小考/103上學期,103上學期,https://drive.google.com/drive/folders/1L6N61IE8tolzTBEXGRoLg2ctYX5Cp-ao,
經濟資料庫/02微積分/2.02微乙統教/2.02.0學習資源/小考/099下學期,099下學期,https://drive.google.com/drive/folders/1mD7fbKiAOo_hd4Fn8Bb5JTg5uZLhZKcf,
經濟資料庫/02微積分/2.02微乙統教/2.02.0學習資源/小考/100上學期,100上學期,https://drive.google.com/drive/folders/15FwsFnHdV4XpJlcwVh0dc6d0oar9Odxd,
經濟資料庫/02微積分/2.02微乙統教/2.02.0學習資源/小考/105下學期,105下學期,https://drive.google.com/drive/folders/18bkZcwltWYt7_HXQgaFV1ocTZD-dspDj,
經濟資料庫/02微積分/2.02微乙統教/2.02.0學習資源/小考/102上學期,102上學期,https://drive.google.com/drive/folders/1K-e5p1dJCNVl6ZKoRq8hSh86HlVcmQmk,
經濟資料庫/02微積分/2.02微乙統教/2.02.0學習資源/小考/101下學期,101下學期,https://drive.google.com/drive/folders/1OOg7agjjcBydn6_15gUR4MZmeXOriK29,
經濟資料庫/02微積分/2.02微乙統教/2.02.0學習資源/小考/104下學期,104下學期,https://drive.google.com/drive/folders/1XgCTQZ-qzANExUkLTcisEdfvszlaW4O3,
經濟資料庫/02微積分/2.02微乙統教/2.02.0學習資源/小考/101上學期,101上學期,https://drive.google.com/drive/folders/1cyQOHZduY5t2u48uT2Cr2KDEdSlSHj3y,
經濟資料庫/02微積分/2.02微乙統教/2.02.0學習資源/小考/103下學期,103下學期,https://drive.google.com/drive/folders/1jVhqYmvjP6j9I0E-GZQbXMMq29dtIJ1S,
經濟資料庫/02微積分/2.02微乙統教/2.02.0學習資源/小考/105上學期,105上學期,https://drive.google.com/drive/folders/1nIz_ndbDy0yIkPQq8-057ilHhi94rMWU,
經濟資料庫/02微積分/2.02微乙統教/2.02.0學習資源/小考/104上學期,104上學期,https://drive.google.com/drive/folders/1soz9Zmc_EHBGx5UukVSsL8ZGadnuAg8D,
經濟資料庫/02微積分/2.02微乙統教/2.02.0學習資源/小考/100下學期,100下學期,https://drive.google.com/drive/folders/1tFS30aRKW-pavB6ma7yjleHu_nwC73Tk,
經濟資料庫/02微積分/2.02微乙統教/2.02.0學習資源/小考/099上學期,099上學期,https://drive.google.com/drive/folders/1e71CdW-2y4xhL5Of95_tYZSlIwJQK9ig,
經濟資料庫/02微積分/2.02微乙統教/2.02.0學習資源/小考/102下學期,102下學期,https://drive.google.com/drive/folders/1mYyxtNNBg4GYMPCjAOwjZVIMNHAfkZW2,
經濟資料庫/02微積分/2.02微乙統教/2.02.0學習資源/統一教學網,統一教學網,https://drive.google.com/drive/folders/1csLsyIrIdLRl7AUrbfGwaAGGjmizh93x,
經濟資料庫/02微積分/2.02微乙統教/2.02.5莊正良,2.02.5莊正良,https://drive.google.com/drive/folders/1NyR-wfwNDV-fEoKV1GHxfIZIEt5rMBFV,
經濟資料庫/02微積分/2.02微乙統教/2.02.5莊正良/xxxx,xxxx,https://drive.google.com/drive/folders/1BFmPpkunhH1g-YOkGKwhderpqK7XJr-n,
經濟資料庫/02微積分/2.02微乙統教/2.02.5莊正良/歷年評價文,歷年評價文,https://drive.google.com/drive/folders/1MxLDQfdLqm5K8xXIsLoHh8o0hktKylqr,
經濟資料庫/02微積分/2.02微乙統教/2.02.5莊正良/102上學期微乙小考,102上學期微乙小考,https://drive.google.com/drive/folders/1ycb_YUFW7MndAjkeP5sZaW4z0fMoDZ20,
經濟資料庫/02微積分/2.02微乙統教/2.02.4陳其誠,2.02.4陳其誠,https://drive.google.com/drive/folders/1R16oE_A3y2C2sixRdfBcBjCgSogWs7NH,
經濟資料庫/02微積分/2.02微乙統教/2.02.4陳其誠/歷年評價文,歷年評價文,https://drive.google.com/drive/folders/1wgaR1VGrfL4FcSLCAqequafrrxXaYh_b,
經濟資料庫/02微積分/2.02微乙統教/2.02.6李瑩英,2.02.6李瑩英,https://drive.google.com/drive/folders/1tOdzmF7WVdCe_IWX-t_e0n84wwVOKJnA,
經濟資料庫/02微積分/2.02微乙統教/2.02.6李瑩英/歷年評價文,歷年評價文,https://drive.google.com/drive/folders/1xktuFTRu9rUbjN6_bY2WYljrdnUzEcJp,
經濟資料庫/02微積分/2.02微乙統教/2.02.1蔡宜洵,2.02.1蔡宜洵,https://drive.google.com/drive/folders/1GBRVN3UHNawof52U-XfSlmbgcsI4ezoa,
經濟資料庫/02微積分/2.02微乙統教/2.02.1蔡宜洵/歷年評價文,歷年評價文,https://drive.google.com/drive/folders/1Vix-k9PbNvwrwaFbpL4BeKJ7xtrVALdm,
經濟資料庫/02微積分/2.02微乙統教/2.02.8李秋坤,2.02.8李秋坤,https://drive.google.com/drive/folders/1TU9XPifgi4qrLl7BFb2XQPO3ylR-D9GJ,
經濟資料庫/02微積分/2.02微乙統教/2.02.8李秋坤/歷年評價文,歷年評價文,https://drive.google.com/drive/folders/1y3HzE_cUsv53se9FWDwGrREynMaBdkhC,
經濟資料庫/02微積分/2.03微乙非統教,2.03微乙非統教,https://drive.google.com/drive/folders/1W_mrdjaaJWdZPwQY9BCJoBFcO39Jk7p-,
經濟資料庫/02微積分/2.03微乙非統教/2.03.2蔡聰明,2.03.2蔡聰明,https://drive.google.com/drive/folders/1-1XjrOwSMz8g34_J7GmNstPXcKgQgmsR,
經濟資料庫/02微積分/2.03微乙非統教/2.03.6楊維哲,2.03.6楊維哲,https://drive.google.com/drive/folders/1CWLkAQvhSKDKCgKVBGe2KBtZLl_QJmjK,
經濟資料庫/02微積分/2.03微乙非統教/2.03.3張秋俊,2.03.3張秋俊,https://drive.google.com/drive/folders/1CdCcQgbr8Wu8KG7DxxGueMqN1WzJj621,
經濟資料庫/02微積分/2.03微乙非統教/2.03.3張秋俊/100上學期期中考,100上學期期中考,https://drive.google.com/drive/folders/1MKv6tq2d-G-px_EU-NLbtumeKV4-dx0g,
經濟資料庫/02微積分/2.03微乙非統教/2.03.3張秋俊/小考,小考,https://drive.google.com/drive/folders/1frMMYkZrT8B4fPPMCv6up1RzwKSHLjXz,
經濟資料庫/02微積分/2.03微乙非統教/2.03.3張秋俊/100下學期期中考,100下學期期中考,https://drive.google.com/drive/folders/1u8JDWZQFLn-U9ZK7ui8mCwPJW657MRjU,
經濟資料庫/02微積分/2.03微乙非統教/2.03.3張秋俊/100上學期期末考,100上學期期末考,https://drive.google.com/drive/folders/1vRiVbJeMmTAYnOevApwMJNrmKieB7XEg,
經濟資料庫/02微積分/2.03微乙非統教/2.03.5詹進吉,2.03.5詹進吉,https://drive.google.com/drive/folders/1F_H7MZzUP-fzqKCkOr7qSuMkCOZ83TMf,
經濟資料庫/02微積分/2.03微乙非統教/2.03.4張秀瑜,2.03.4張秀瑜,https://drive.google.com/drive/folders/1Kpn1LbHwEWTPB7dwg906NL8PHCTuMGpB,
經濟資料庫/02微積分/2.03微乙非統教/2.03.1李聰成,2.03.1李聰成,https://drive.google.com/drive/folders/1U9sa8oxoZL7VQxoBjPXfH7l8JvyhBQ0F,
經濟資料庫/02微積分/2.03微乙非統教/2.03.1李聰成/100下學期期中,100下學期期中,https://drive.google.com/drive/folders/17EH_gwP_UitK9r8ULFtHGhFUgXz2GdeE,
經濟資料庫/02微積分/2.03微乙非統教/2.03.1李聰成/100上學期期末,100上學期期末,https://drive.google.com/drive/folders/1OE-5JRZvYT7wZxehScyiR9KS6I7Ph-h2,
經濟資料庫/02微積分/2.03微乙非統教/2.03.1李聰成/100下學期期末,100下學期期末,https://drive.google.com/drive/folders/1i_V1DgzG7pU6pIJloq8ifbMnX5zHEmKK,
經濟資料庫/02微積分/2.03微乙非統教/2.03.1李聰成/100上學期期中,100上學期期中,https://drive.google.com/drive/folders/1wImrd8HloMrykwEyPVP0KC3WZK9r-pF3,
經濟資料庫/02微積分/2.04微積分模組班,2.04微積分模組班,https://drive.google.com/drive/folders/1qn6CUnMF2eJjRLlhRtwjSlQfpg54niqE,
經濟資料庫/02微積分/2.04微積分模組班/2.04.1蔡雅如,2.04.1蔡雅如,https://drive.google.com/drive/folders/18ZxvH8eKOhqLBcgU20XJPrycS-wQdxEB,
經濟資料庫/02微積分/2.04微積分模組班/2.04.1蔡雅如/微積分4,微積分4,https://drive.google.com/drive/folders/10ej3kLVkKCm3qAr3ZlEHo67K20qaYHQl,
經濟資料庫/02微積分/2.04微積分模組班/2.04.1蔡雅如/微積分4/02 小考,02 小考,https://drive.google.com/drive/folders/1REv9K1X_VK_S2EXhV1GrQuprSPwirM4O,
經濟資料庫/02微積分/2.04微積分模組班/2.04.1蔡雅如/微積分4/01 期末考,01 期末考,https://drive.google.com/drive/folders/1kptfh6LHyUZY9rD-p2HxKwFttVc7B9M0,
經濟資料庫/02微積分/2.04微積分模組班/2.04.1蔡雅如/微積分1,微積分1,https://drive.google.com/drive/folders/1ZJ5JdXRT1ZBJZ7kJ3G-dHpfew7xJwgwM,
經濟資料庫/02微積分/2.04微積分模組班/2.04.1蔡雅如/微積分1/02 小考,02 小考,https://drive.google.com/drive/folders/18D7jb0WvCNgA9oWPC7qm7uZipK-jGBq-,
經濟資料庫/02微積分/2.04微積分模組班/2.04.1蔡雅如/微積分1/01 期末考,01 期末考,https://drive.google.com/drive/folders/1it-y3xbzIXyMBeb8mD7m1fYzdKrvWvQs,
經濟資料庫/02微積分/2.04微積分模組班/2.04.1蔡雅如/微積分2,微積分2,https://drive.google.com/drive/folders/1nJx1HsoizUuFFyAxgV1rNGOZ7LxoLUCo,
經濟資料庫/02微積分/2.04微積分模組班/2.04.1蔡雅如/微積分2/01 期末考,01 期末考,https://drive.google.com/drive/folders/11MbqQ0dSWMzuUgK8hUQucIY5_tNmiOMj,
經濟資料庫/02微積分/2.04微積分模組班/2.04.1蔡雅如/微積分2/02 小考,02 小考,https://drive.google.com/drive/folders/1cgaBNk56XY_XjDFn66GaNO3Psn7htsfA,
經濟資料庫/02微積分/2.04微積分模組班/2.04.1蔡雅如/微積分3,微積分3,https://drive.google.com/drive/folders/1yzrKjVU5ZyKxXBYdutT2kuHeKxg0w099,
經濟資料庫/02微積分/2.04微積分模組班/2.04.1蔡雅如/微積分3/01 期末考,01 期末考,https://drive.google.com/drive/folders/1H-usZnZp1og1vGyxrg0C9CuKcDiz4nCb,
經濟資料庫/02微積分/2.04微積分模組班/2.04.1蔡雅如/微積分3/02 小考,02 小考,https://drive.google.com/drive/folders/1IyxaqAekXnQ7hvHkCgj74gKJH9y02jhV,
經濟資料庫/其他資料,其他資料,https://drive.google.com/drive/folders/1TOFk8RJuWZdrGkXWeFDkIH5otwtIqXuP,
經濟資料庫/01經濟學原理與實習,01經濟學原理與實習,https://drive.google.com/drive/folders/1iHqnZvvTuCUpzawRUGP9SOArqx0U76po,
經濟資料庫/01經濟學原理與實習/1.04魏凱立,1.04魏凱立,https://drive.google.com/drive/folders/15yHsOOG2PxvBz3E_-9-B1KazbVUdFHlZ,
經濟資料庫/01經濟學原理與實習/1.04魏凱立/小考,小考,https://drive.google.com/drive/folders/15CvBK3GcCsS3Wnj0hHVA0Wji1sYG_8av,
經濟資料庫/01經濟學原理與實習/1.04魏凱立/期考,期考,https://drive.google.com/drive/folders/1ZayQOOpvzCc5Z8fkZ_2fBtiwxdmD9UdW,
經濟資料庫/01經濟學原理與實習/1.04魏凱立/期考/下學期期中考,下學期期中考,https://drive.google.com/drive/folders/10mxoXK_jpaW8DEqV-u2TN7vNJMhjzLer,
經濟資料庫/01經濟學原理與實習/1.04魏凱立/期考/下學期期末考,下學期期末考,https://drive.google.com/drive/folders/19Xzzf8AG5DpKslkS5_Gp5i9XN1mRH_LM,
經濟資料庫/01經濟學原理與實習/1.04魏凱立/期考/上學期期末考,上學期期末考,https://drive.google.com/drive/folders/1LxnSA_izuE03ilAKyceeV2BwNDDLiuAy,
經濟資料庫/01經濟學原理與實習/1.04魏凱立/期考/上學期期中考,上學期期中考,https://drive.google.com/drive/folders/1U-xpnD0R7vms-rwe9C3E57fYyY8XxxYD,
經濟資料庫/01經濟學原理與實習/1.04魏凱立/歷年評價文,歷年評價文,https://drive.google.com/drive/folders/1gypUcPlbH_NMUnqt1rGrfx2SBZl_yxsR,
經濟資料庫/01經濟學原理與實習/1.10馮勃翰,1.10馮勃翰,https://drive.google.com/drive/folders/17c0PU0LUdu4rNeZZKCR3XU_pG1-qvFKl,
經濟資料庫/01經濟學原理與實習/1.10馮勃翰/期考,期考,https://drive.google.com/drive/folders/1iAnyLPrJals4i-8laDGHv0cUcU5292RU,
經濟資料庫/01經濟學原理與實習/1.10馮勃翰/期考/上學期期中考,上學期期中考,https://drive.google.com/drive/folders/17klbB73n3gVnD7bOy0N8HwGzOjy0k8Hf,
經濟資料庫/01經濟學原理與實習/1.10馮勃翰/期考/上學期期末考,上學期期末考,https://drive.google.com/drive/folders/1evqe2Q68w3iPuJFP5HKRm7_OES8Y810s,
經濟資料庫/01經濟學原理與實習/1.99Mankiw習題解答,1.99Mankiw習題解答,https://drive.google.com/drive/folders/1Ay6lu2jqcmNcyp6OmcaDdpQ_cItQgZUS,
經濟資料庫/01經濟學原理與實習/1.99Mankiw習題解答/第六版,第六版,https://drive.google.com/drive/folders/1CGYRatnFed7tw-74b3rvoliyIf-clWSs,
經濟資料庫/01經濟學原理與實習/1.06王道一,1.06王道一,https://drive.google.com/drive/folders/1CIo6eM5l0LL5ZiYpPcvBbkW2ixYyHjru,
經濟資料庫/01經濟學原理與實習/1.06王道一/歷年評價文,歷年評價文,https://drive.google.com/drive/folders/1FH5tiqA45F_tegDVPz7937Q0BqTelC7m,
經濟資料庫/01經濟學原理與實習/1.06王道一/小考,小考,https://drive.google.com/drive/folders/1X6pqvQvWCuqqxzC1JorLgpiDRIm4pU_O,
經濟資料庫/01經濟學原理與實習/1.06王道一/期考,期考,https://drive.google.com/drive/folders/1fwHQoubQlYWQpEOlwwbyn-F1WFI_Gzd2,
經濟資料庫/01經濟學原理與實習/1.06王道一/期考/上學期期中考,上學期期中考,https://drive.google.com/drive/folders/1Cw2HIppel3t3AwZmfIJmmo3ZwK_8oyNA,
經濟資料庫/01經濟學原理與實習/1.06王道一/期考/上學期期末考,上學期期末考,https://drive.google.com/drive/folders/1wt5cqxbdhUXryoAo74odCKUzadS_4tC2,
經濟資料庫/01經濟學原理與實習/1.08蔡崇聖,1.08蔡崇聖,https://drive.google.com/drive/folders/1N-DZZv_dRHcBz--QjIciYd-kCc_DUGNz,
經濟資料庫/01經濟學原理與實習/1.08蔡崇聖/小考,小考,https://drive.google.com/drive/folders/1Ga06F-tyA6iLfQIBEHbPj6GH9_FEfUiK,
經濟資料庫/01經濟學原理與實習/1.08蔡崇聖/期考,期考,https://drive.google.com/drive/folders/1YPgtwoGHvnsBb8KlW6jvePdD5ODT7OOQ,
經濟資料庫/01經濟學原理與實習/1.08蔡崇聖/期考/上學期期中考,上學期期中考,https://drive.google.com/drive/folders/1TENed3Akpihlt4uwVSkyWiYbg2g7kM6z,
經濟資料庫/01經濟學原理與實習/1.08蔡崇聖/期考/上學期期末考,上學期期末考,https://drive.google.com/drive/folders/1uHztndDzTgJ88MXG33H_sTSZvApNRHXv,
經濟資料庫/01經濟學原理與實習/1.02駱明慶,1.02駱明慶,https://drive.google.com/drive/folders/1QEHMD7jRLD5pl1ZNNQc7t8ucnLfnTUx0,
經濟資料庫/01經濟學原理與實習/1.02駱明慶/習題,習題,https://drive.google.com/drive/folders/1IdH_qDGzDhdEy5goCvrWDeykw7zz79Iy,
經濟資料庫/01經濟學原理與實習/1.02駱明慶/習題/99上學期習題,99上學期習題,https://drive.google.com/drive/folders/11Haxtpm7C7HZ4x24WnDgnRin93tlP0co,
經濟資料庫/01經濟學原理與實習/1.02駱明慶/習題/99下學期習題,99下學期習題,https://drive.google.com/drive/folders/14LoSCW-CKNRSj8Si4YuEguT11ZR-V8Dx,
經濟資料庫/01經濟學原理與實習/1.02駱明慶/習題/105上學期習題,105上學期習題,https://drive.google.com/drive/folders/1dYevGo8smGXneqGVyGl2EGR3LY4oBJt5,
經濟資料庫/01經濟學原理與實習/1.02駱明慶/習題/100上學期習題,100上學期習題,https://drive.google.com/drive/folders/1jefwKKQjs8jZMcxnQNWVMhJA6wzTqkyI,
經濟資料庫/01經濟學原理與實習/1.02駱明慶/習題/105下學期習題,105下學期習題,https://drive.google.com/drive/folders/1uAHimecIgXGPrrJnTFOrZ7L-4HDHlV0A,
經濟資料庫/01經濟學原理與實習/1.02駱明慶/歷年評價文,歷年評價文,https://drive.google.com/drive/folders/1b5n3cCeYOPPZKhJ5xI1nNCGa6U1mjI05,
經濟資料庫/01經濟學原理與實習/1.02駱明慶/期考,期考,https://drive.google.com/drive/folders/18JOzI-wNnTX2RLv3JsqOZ7w6Y8Q5hE6b,
經濟資料庫/01經濟學原理與實習/1.02駱明慶/期考/下學期期中考,下學期期中考,https://drive.google.com/drive/folders/1PzPIMlhxqbpfUBQk8rZuD3K9OENSMNHs,
經濟資料庫/01經濟學原理與實習/1.02駱明慶/期考/上學期期中考,上學期期中考,https://drive.google.com/drive/folders/1768puKSc7o7d-ZPQXEOixwdHLqL9Vbif,
經濟資料庫/01經濟學原理與實習/1.02駱明慶/期考/上學期期末考,上學期期末考,https://drive.google.com/drive/folders/1T20mx5mRQ7rV4HbF2AIEiIH5zRKZo4Ha,
經濟資料庫/01經濟學原理與實習/1.02駱明慶/期考/下學期期末考,下學期期末考,https://drive.google.com/drive/folders/1otSUoVlnaDswzR3JZoIHwB1o4kGduqLM,
經濟資料庫/01經濟學原理與實習/1.02駱明慶/小考,小考,https://drive.google.com/drive/folders/1phQ08qMIUVhqPH7V-Xy5tbew1ChBHFR6,
經濟資料庫/01經濟學原理與實習/1.02駱明慶/小考/105下學期,105下學期,https://drive.google.com/drive/folders/1D7g8RNuePK5HQ4Fs0rCsaCIJTyvWJb8N,
經濟資料庫/01經濟學原理與實習/1.02駱明慶/小考/105上學期,105上學期,https://drive.google.com/drive/folders/1Xrv55hvV_ySqtvZCZ-UJZtNmLmXygNiY,
經濟資料庫/01經濟學原理與實習/1.11樊家忠,1.11樊家忠,https://drive.google.com/drive/folders/1eaanzjgYeOTr0zbkQBVz4ZC-23IX_Rr_,
經濟資料庫/01經濟學原理與實習/1.11樊家忠/總經原,總經原,https://drive.google.com/drive/folders/11w1GKerbxlQcrpmi2bzmMNflSVYEHMOg,
經濟資料庫/01經濟學原理與實習/1.11樊家忠/總經原/109,109,https://drive.google.com/drive/folders/1YDBasbBTjcbkPbfn7RwziU1wWzC1Bmld,
經濟資料庫/01經濟學原理與實習/1.11樊家忠/總經原/110,110,https://drive.google.com/drive/folders/1_NGCxh8PCPB7iu1PTLT6yEXpB3EbWaN7,
經濟資料庫/01經濟學原理與實習/1.11樊家忠/總經原/111,111,https://drive.google.com/drive/folders/158HaZ9HgO7kZ4avvzf8e_W5Y9DGnMIpT,
經濟資料庫/01經濟學原理與實習/1.11樊家忠/個經原,個經原,https://drive.google.com/drive/folders/1KSJRFLLD2sVGphC0iXXX1eYBKbKZxfqk,
經濟資料庫/01經濟學原理與實習/1.11樊家忠/個經原/109,109,https://drive.google.com/drive/folders/11ndj-IXJ_DFyb26K44rxyXbUQ2Lq1pE-,
經濟資料庫/01經濟學原理與實習/1.11樊家忠/個經原/111,111,https://drive.google.com/drive/folders/1XjO5NM9sYfuWggHV8aOJI0m9Gmns2kQu,
經濟資料庫/01經濟學原理與實習/1.11樊家忠/個經原/110,110,https://drive.google.com/drive/folders/1uA97o_vkkQrlngpCdCYi4jL0iRPUwvtZ,
經濟資料庫/01經濟學原理與實習/1.01林明仁,1.01林明仁,https://drive.google.com/drive/folders/1w5wujPY5xe13GcQ8yKriICRSsr19rs3T,
經濟資料庫/01經濟學原理與實習/1.01林明仁/期考,期考,https://drive.google.com/drive/folders/11eF5jrFtLRoSd3ZkLMa767CIr9EGTsNt,
經濟資料庫/01經濟學原理與實習/1.01林明仁/期考/ 下學期期中考, 下學期期中考,https://drive.google.com/drive/folders/11mIgsVSlFK06-p3UZ7fhEwpMkz6T3JYR,
經濟資料庫/01經濟學原理與實習/1.01林明仁/期考/上學期期中考,上學期期中考,https://drive.google.com/drive/folders/1PvCqT6rx5H6vRW8xfUaF9vHpgATTYEP-,
經濟資料庫/01經濟學原理與實習/1.01林明仁/期考/期初考,期初考,https://drive.google.com/drive/folders/1mJAnU6gRILuKwawbVqK4mO5to_ZTcjn8,
經濟資料庫/01經濟學原理與實習/1.01林明仁/期考/上學期期末考,上學期期末考,https://drive.google.com/drive/folders/1-TC_woi0LsAVLFpLHwXC0d57KGG2L2Ik,
經濟資料庫/01經濟學原理與實習/1.01林明仁/期考/下學期期末考,下學期期末考,https://drive.google.com/drive/folders/1__xxeptkMAhZh0KBHHJtnX-dP9lKHPOj,
經濟資料庫/01經濟學原理與實習/1.01林明仁/作業,作業,https://drive.google.com/drive/folders/13hxSGC1d9xyQtPpDWNhzYGpOodsYjb35,
經濟資料庫/01經濟學原理與實習/1.01林明仁/作業/104下學期作業,104下學期作業,https://drive.google.com/drive/folders/1GCtSICx8p4YT7OvVB5wvFCEg9cRVDcdk,
經濟資料庫/01經濟學原理與實習/1.01林明仁/作業/103上學期作業,103上學期作業,https://drive.google.com/drive/folders/1jTMg5g3tXPfJRWjBKUMcTMYuf2sSQSYf,
經濟資料庫/01經濟學原理與實習/1.01林明仁/作業/104 上學期作業,104 上學期作業,https://drive.google.com/drive/folders/1nhupD9n1MnNIfBF0HkIdsSyTuqYfvVuK,
經濟資料庫/01經濟學原理與實習/1.01林明仁/111-2林明仁_總經原,111-2林明仁_總經原,https://drive.google.com/drive/folders/1LG6gBOpszz_4rY4FQiokG2CcOkZCEhGz,
經濟資料庫/01經濟學原理與實習/1.01林明仁/課堂,課堂,https://drive.google.com/drive/folders/1RYLvOzy3-4GReYx4v4UaLbdybU71BxTR,
經濟資料庫/01經濟學原理與實習/1.01林明仁/課堂/課堂黑板筆記,課堂黑板筆記,https://drive.google.com/drive/folders/16BQuOOGAiqkSSplJwpUqncpiij7dps7r,
經濟資料庫/01經濟學原理與實習/1.01林明仁/課堂/專欄文章,專欄文章,https://drive.google.com/drive/folders/1L_CXNYCICnOXX_Tqy1R9S34tQMKq0FaB,
經濟資料庫/01經濟學原理與實習/1.01林明仁/課堂/上課筆記,上課筆記,https://drive.google.com/drive/folders/1W8SBUvD2gy6If1-2BTLmeitGkjEhnrfg,
經濟資料庫/01經濟學原理與實習/1.01林明仁/111-1林明仁_個經原,111-1林明仁_個經原,https://drive.google.com/drive/folders/1dxDjJ19SpdUfrlyGXBEkZ21eYwR7OGJM,
經濟資料庫/01經濟學原理與實習/1.01林明仁/實習課,實習課,https://drive.google.com/drive/folders/1kKf9iAHa7uKTt9Y8mjqom0SYX-rymguM,
經濟資料庫/01經濟學原理與實習/1.01林明仁/實習課/實習課投影片答案,實習課投影片答案,https://drive.google.com/drive/folders/1LDAIjjBDBhx92pEiJFj1FkEpBfHLtVQN,
經濟資料庫/01經濟學原理與實習/1.01林明仁/實習課/下學期實習課講義,下學期實習課講義,https://drive.google.com/drive/folders/1lSN0-xEMwW4SQJShgRAwmxdhHDBgigVW,
經濟資料庫/01經濟學原理與實習/1.01林明仁/習題與解答,習題與解答,https://drive.google.com/drive/folders/1tFSFGC9s_bB07rFl3Q_mM3kUhcXJ3kA7,
經濟資料庫/01經濟學原理與實習/1.01林明仁/歷年課程評價,歷年課程評價,https://drive.google.com/drive/folders/1wBp8wPWtKSTkoKQxQmJdzzsc6q02Y373,
經濟資料庫/01經濟學原理與實習/1.05葉淑貞,1.05葉淑貞,https://drive.google.com/drive/folders/15O4j91GL9aTBy5pix_E_aKVuonGJfZsL,
經濟資料庫/01經濟學原理與實習/1.05葉淑貞/講義,講義,https://drive.google.com/drive/folders/1gLRF2dd2TliFtumaMYZS8_7N_m8bcwEA,
經濟資料庫/01經濟學原理與實習/1.07張清溪,1.07張清溪,https://drive.google.com/drive/folders/15QQ4EV92aLLJ1r1TSk_L57JAstAy5zyq,
經濟資料庫/01經濟學原理與實習/1.07張清溪/歷年評價文,歷年評價文,https://drive.google.com/drive/folders/1AypXW1MorVeiAMgxFcUnQ06plCwyGYJO,
經濟資料庫/01經濟學原理與實習/1.09陳旭昇,1.09陳旭昇,https://drive.google.com/drive/folders/17q1VIEHeKZWt6l620FtRvuATqGoIuuC0,
經濟資料庫/01經濟學原理與實習/1.09陳旭昇/期考,期考,https://drive.google.com/drive/folders/1UFcwFcuwNmEs9cnfFIcM3rcH_LPDQ3Z2,
經濟資料庫/01經濟學原理與實習/1.09陳旭昇/期考/下學期期末考,下學期期末考,https://drive.google.com/drive/folders/1XzrQzKGdwXpsEYNQ3HhLUpvk9K7_Qv6l,
經濟資料庫/01經濟學原理與實習/1.00暑修,1.00暑修,https://drive.google.com/drive/folders/1PXs8kXmVrz2XMQ7zuKM2UXC5iKevt2HL,
經濟資料庫/01經濟學原理與實習/1.00暑修/107駱明慶,107駱明慶,https://drive.google.com/drive/folders/1p6iLvo06kTcW9qPoOF-59HePFvcsf3YP,
經濟資料庫/01經濟學原理與實習/1.00暑修/107駱明慶/經原上,經原上,https://drive.google.com/drive/folders/114vx48klr4sxJVXxux_ISClN7YgSrh8X,
經濟資料庫/01經濟學原理與實習/1.00暑修/107駱明慶/經原上/期中考,期中考,https://drive.google.com/drive/folders/14Dl40Gz5hOPUVKA_gENqKjTrpMRSYGjF,
經濟資料庫/01經濟學原理與實習/1.00暑修/107駱明慶/經原上/作業,作業,https://drive.google.com/drive/folders/1KYVUYf5BqaoiO2QM003Jok6ws8ovqL33,
經濟資料庫/01經濟學原理與實習/1.00暑修/107駱明慶/經原上/期末考,期末考,https://drive.google.com/drive/folders/1sqe8pyGgYrDzQj3--GXu7kJfXu9H6BPQ,
經濟資料庫/01經濟學原理與實習/1.00暑修/107駱明慶/經原下,經原下,https://drive.google.com/drive/folders/1sUNStr8xGGHh-AAd4kn0uKCCKQMDycdx,
經濟資料庫/01經濟學原理與實習/1.00暑修/107駱明慶/經原下/期中考,期中考,https://drive.google.com/drive/folders/1Pch5f5oYzwFJhzJkR0ZmR49b2tukPxgk,
經濟資料庫/01經濟學原理與實習/1.00暑修/107駱明慶/經原下/期末考,期末考,https://drive.google.com/drive/folders/1kNtrPkZrzhVKqEuL_nni_2UwQAyYmvbR,
經濟資料庫/01經濟學原理與實習/1.00暑修/107駱明慶/經原下/作業,作業,https://drive.google.com/drive/folders/1nntRwNKs2qL_i6DRsxmmOLNSt7eVF0_5,
經濟資料庫/01經濟學原理與實習/1.03吳聰敏,1.03吳聰敏,https://drive.google.com/drive/folders/1VS0ehxetHRdaI18t-KerfM757DQ33dkR,
經濟資料庫/01經濟學原理與實習/1.03吳聰敏/期考,期考,https://drive.google.com/drive/folders/1ASaPl9nHaqGR2g69jOVQVtGxlktNJ419,
經濟資料庫/01經濟學原理與實習/1.03吳聰敏/期考/下學期期中考,下學期期中考,https://drive.google.com/drive/folders/1lLNXNtDkFEyTqd5hQyaFagqNiIkBqyYH,
經濟資料庫/01經濟學原理與實習/1.03吳聰敏/期考/上學期期末考,上學期期末考,https://drive.google.com/drive/folders/1R4wKlIpOcrg1qDapHXsiQLCv3NA_XuxV,
經濟資料庫/01經濟學原理與實習/1.03吳聰敏/期考/上學期期中考,上學期期中考,https://drive.google.com/drive/folders/1TN-CyHDkZdTxI0eyAos2s8nLPvqoKIvm,
經濟資料庫/01經濟學原理與實習/1.03吳聰敏/期考/下學期期末考,下學期期末考,https://drive.google.com/drive/folders/1fmZDOTNL7OAZLMzrpwWvRW6U7OrWDxqP,
經濟資料庫/01經濟學原理與實習/1.03吳聰敏/歷年評價文,歷年評價文,https://drive.google.com/drive/folders/1NQZRGsdJ2h-LJNUTD08YQaAtyTviTcHz,
經濟資料庫/01經濟學原理與實習/1.03吳聰敏/課本習題解答,課本習題解答,https://drive.google.com/drive/folders/1ZY68chvk9Sbv50YAGJiWW9ozBQnHeW-O,
經濟資料庫/35賽局論,35賽局論,https://drive.google.com/drive/folders/1r4t278NZLPcoIk9sByHyHBUYqDzRJn8f,
經濟資料庫/35賽局論/35.03蔡崇聖,35.03蔡崇聖,https://drive.google.com/drive/folders/1A6hgVa2j2Ngizk73OgyFu_TWFurxG90V,
經濟資料庫/35賽局論/35.02黃景沂,35.02黃景沂,https://drive.google.com/drive/folders/14TZvTl1pQeFqc5zo85yzbtzuAPRrabe4,
經濟資料庫/35賽局論/35.02黃景沂/期末考,期末考,https://drive.google.com/drive/folders/14X2dSgiRjYm_JgRcaSuID1gHJDVhGWsF,
經濟資料庫/35賽局論/35.02黃景沂/期中考,期中考,https://drive.google.com/drive/folders/1f_tSwIWxwf456kJFAGnoIiJ7JGg3IVC5,
經濟資料庫/35賽局論/35.01古慧雯,35.01古慧雯,https://drive.google.com/drive/folders/1zOsiuiZFenQfdEm_D-0EiVVgm3oGudeE,
經濟資料庫/35賽局論/35.01古慧雯/期中考,期中考,https://drive.google.com/drive/folders/1-RlODOtsjbEmXXAPVK5PXRoWWYxp_wky,
經濟資料庫/35賽局論/35.01古慧雯/100下習題,100下習題,https://drive.google.com/drive/folders/1Ne1CnODhv_A9HqxF0Bb_BRqCKNRLKfXH,
經濟資料庫/35賽局論/35.01古慧雯/102下,102下,https://drive.google.com/drive/folders/1UELX-nL1ZadWMoLWGnOXruLEl6GPqLRF,
經濟資料庫/35賽局論/35.01古慧雯/期末考,期末考,https://drive.google.com/drive/folders/1tUw5ezBl4tYFw1WEkzV6YazMAvIMoJXg,
經濟資料庫/35賽局論/35.01古慧雯/101上,101上,https://drive.google.com/drive/folders/1zrHbK8YPfFtNQvqUqF-bZTQkW74ocYgg,
經濟資料庫/05個體經濟學,05個體經濟學,https://drive.google.com/drive/folders/1sjkq6cPbw-EmQFgKUEccsh5DwJ884L5b,
經濟資料庫/05個體經濟學/5.06樊家忠,5.06樊家忠,https://drive.google.com/drive/folders/1UT8HFqkbsynFAOJZeNOBNNVYLdIapYSo,
經濟資料庫/05個體經濟學/5.04蔡崇聖,5.04蔡崇聖,https://drive.google.com/drive/folders/1fKKf-ch86OtMbfZxISKX_p6mnzUxml-h,
經濟資料庫/05個體經濟學/5.04蔡崇聖/(上學期)授課進度對應原文書PPT,(上學期)授課進度對應原文書PPT,https://drive.google.com/drive/folders/11xsIGtqyqQlsaBGAA5mBIrSvJF-6hwYR,
經濟資料庫/05個體經濟學/5.04蔡崇聖/ 上學期期中考, 上學期期中考,https://drive.google.com/drive/folders/1AYizz92-4fmMskqiqp0AA5ae5a2eS0a0,
經濟資料庫/05個體經濟學/5.04蔡崇聖/(上學期)老師親筆筆記,(上學期)老師親筆筆記,https://drive.google.com/drive/folders/1OiL_otYbPojCKO_ksVcvAILFby8-OTM7,
經濟資料庫/05個體經濟學/5.04蔡崇聖/ (下學期)小組作業討論, (下學期)小組作業討論,https://drive.google.com/drive/folders/1Qv9mkopLQXL_l-lPX27wH7NpYTS7JkAB,
經濟資料庫/05個體經濟學/5.04蔡崇聖/(下學期)授課進度對應原文書PPT,(下學期)授課進度對應原文書PPT,https://drive.google.com/drive/folders/1WvpO4NR6raT_0RtfI48yY77YLTrWiVTP,
經濟資料庫/05個體經濟學/5.04蔡崇聖/  (上學期)小組作業討論,  (上學期)小組作業討論,https://drive.google.com/drive/folders/1muNsd1YdWbVPZbi5v4mP1VOgbSDlnfYB,
經濟資料庫/05個體經濟學/5.04蔡崇聖/課程評價,課程評價,https://drive.google.com/drive/folders/1x1W73F7qcXV755TcOLpjwbl7OxSCJOpM,
經濟資料庫/05個體經濟學/5.04蔡崇聖/(下學期)老師親筆講義,(下學期)老師親筆講義,https://drive.google.com/drive/folders/1g0ek3SWLTO0_zGAU6Y3VRsL8Q7EnXmb2,
經濟資料庫/05個體經濟學/5.04蔡崇聖/下學期期中考,下學期期中考,https://drive.google.com/drive/folders/1iRLad51xIRqP6WkHpOkzgtq38_unwlgn,
經濟資料庫/05個體經濟學/5.04蔡崇聖/上學期期末考,上學期期末考,https://drive.google.com/drive/folders/1nsazSGGRAVt2L-bJmRV23P7_L0kcNQbp,
經濟資料庫/05個體經濟學/5.04蔡崇聖/下學期期末考,下學期期末考,https://drive.google.com/drive/folders/1pqY2dPUmfYXaaV89on0R44_OP4q0RTi3,
經濟資料庫/05個體經濟學/5.01古慧雯,5.01古慧雯,https://drive.google.com/drive/folders/1yqZ4Sa1RtDItdCIMOCPXBTp_GIfrpDwV,
經濟資料庫/05個體經濟學/5.01古慧雯/下學期期中考,下學期期中考,https://drive.google.com/drive/folders/1KZnz5QXAgVpJ0sFyp_6m_1dmlkmcWN9w,
經濟資料庫/05個體經濟學/5.01古慧雯/課程評價,課程評價,https://drive.google.com/drive/folders/1WJ1FcJ00DIy9uorBn9fX0Y3cILEL1u4c,
經濟資料庫/05個體經濟學/5.01古慧雯/筆記,筆記,https://drive.google.com/drive/folders/1_2TNZ7GkMLSFtm8iytyjjXD3GP5aqEKs,
經濟資料庫/05個體經濟學/5.01古慧雯/下學期小考,下學期小考,https://drive.google.com/drive/folders/1iM_rfUgCTBFOroX59SIiBMk0BtHEUlJi,
經濟資料庫/05個體經濟學/5.01古慧雯/習題,習題,https://drive.google.com/drive/folders/1iP7aa1m0aO2UaMJFXo4A3NtXOlPY1ksH,
經濟資料庫/05個體經濟學/5.01古慧雯/上學期小考,上學期小考,https://drive.google.com/drive/folders/1lLH9GnobqfRcFVUUFZqG_9GhDSvmH0wM,
經濟資料庫/05個體經濟學/5.01古慧雯/上學期期末考,上學期期末考,https://drive.google.com/drive/folders/1FoD-7SvcjiVAHeXIAcQNYTP7sSOnJGAc,
經濟資料庫/05個體經濟學/5.01古慧雯/下學期期末考,下學期期末考,https://drive.google.com/drive/folders/1J4ZcAwyW1TLDpNx35K1t1tKAkaHV4mXB,
經濟資料庫/05個體經濟學/5.01古慧雯/上學期期中考,上學期期中考,https://drive.google.com/drive/folders/1ZWsfRMQ8e0QEk6Nq77ubqGz4rZR928fJ,
經濟資料庫/05個體經濟學/5.09宋玉生,5.09宋玉生,https://drive.google.com/drive/folders/12VL-kbGEPxtdAMcwUwdKvjc2aZuS4no6,
經濟資料庫/05個體經濟學/5.05黃景沂,5.05黃景沂,https://drive.google.com/drive/folders/1EP_NkPOqMlfMurmbS5e2JuQM1XeYkT4y,
經濟資料庫/05個體經濟學/5.05黃景沂/下學期期末考,下學期期末考,https://drive.google.com/drive/folders/1-mz9Eh4tf3Y9MYad0wtXMRX-y06PVyqZ,
經濟資料庫/05個體經濟學/5.05黃景沂/上學期期中考,上學期期中考,https://drive.google.com/drive/folders/11JyMCm4hcAN38ixVNZCONVeNnuda_59B,
經濟資料庫/05個體經濟學/5.05黃景沂/下學期期中考,下學期期中考,https://drive.google.com/drive/folders/11zthqpHkbvcZnUK7cp-2-gVvdGe5y7x1,
經濟資料庫/05個體經濟學/5.05黃景沂/ 上學期期末小考, 上學期期末小考,https://drive.google.com/drive/folders/1Lj8ngsWvM0rX1S6CFShpzMAN2xTNzfYk,
經濟資料庫/05個體經濟學/5.05黃景沂/  課程評價,  課程評價,https://drive.google.com/drive/folders/1LtsBm7BM8PKnPNMxYn6SxI1X3UuYHkfv,
經濟資料庫/05個體經濟學/5.05黃景沂/  下學期期末小考,  下學期期末小考,https://drive.google.com/drive/folders/1PkD8Zym8xPiAn9_AdXThv3NjZ2eVtOT2,
經濟資料庫/05個體經濟學/5.05黃景沂/上學期期中小考,上學期期中小考,https://drive.google.com/drive/folders/1QG0EFsDZj4Ff2zmp_V4SXlyFmPRihb6j,
經濟資料庫/05個體經濟學/5.05黃景沂/下學期期中小考,下學期期中小考,https://drive.google.com/drive/folders/16agfO-yv4PZxbIG8I04xEwReDAIQO-eJ,
經濟資料庫/05個體經濟學/5.05黃景沂/上學期期末考,上學期期末考,https://drive.google.com/drive/folders/1zsX_KAY9_UtqQdWmiGdUK0EKHOkT2M1n,
經濟資料庫/05個體經濟學/5.03袁國芝,5.03袁國芝,https://drive.google.com/drive/folders/1Tud859fMDAy_KAlzEzbSePyvqGzdl0aR,
經濟資料庫/05個體經濟學/5.08狄萊,5.08狄萊,https://drive.google.com/drive/folders/1UoUNIFxE0dB8aE1Mu60lBv6RW3OA8L6h,
經濟資料庫/05個體經濟學/5.08狄萊/下學期期中考,下學期期中考,https://drive.google.com/drive/folders/18YO9fXD6M2uIsMTD6MORC0aazOmQZy15,
經濟資料庫/05個體經濟學/5.08狄萊/下學期習題,下學期習題,https://drive.google.com/drive/folders/1CZey6sPmhcE5NfAUXWU_O9a6AARNSA_F,
經濟資料庫/05個體經濟學/5.08狄萊/ 上學期期中考, 上學期期中考,https://drive.google.com/drive/folders/1sdlRUPj1zYzM_oMGcdPv7JYqr9cmVvrD,
經濟資料庫/05個體經濟學/5.08狄萊/ 上學期習題, 上學期習題,https://drive.google.com/drive/folders/1sygtTWY6Y8p7h4PbyfmqwNZ15zwFcBng,
經濟資料庫/05個體經濟學/5.02黃貞穎,5.02黃貞穎,https://drive.google.com/drive/folders/1_ixYedshg6Fm7CBC5suXxDc4MWC-NVlH,
經濟資料庫/05個體經濟學/5.02黃貞穎/投影片,投影片,https://drive.google.com/drive/folders/11GJkXh-Cbf5gz7sAAC3vrxBb_jw7TH22,
經濟資料庫/05個體經濟學/5.02黃貞穎/習題,習題,https://drive.google.com/drive/folders/12gPUIGx7yO2INTEEMsUQuy-Pc3h-e5B6,
經濟資料庫/05個體經濟學/5.02黃貞穎/下學期期中考,下學期期中考,https://drive.google.com/drive/folders/1JCL70NE33EbI8CZb9zdKqInLV9Jc6K91,
經濟資料庫/05個體經濟學/5.02黃貞穎/課程評價,課程評價,https://drive.google.com/drive/folders/1c57-4gSP0Y9HqjZBy_UxodXAoeQmdhSv,
經濟資料庫/05個體經濟學/5.02黃貞穎/上學期期中考,上學期期中考,https://drive.google.com/drive/folders/1UmwYvPC9CL6ItgLp0aG8KURQHptcTFWy,
經濟資料庫/05個體經濟學/5.02黃貞穎/上學期期末考,上學期期末考,https://drive.google.com/drive/folders/1_GIIY513mip2aVP5GxxaXzhOCmj8GHfY,
經濟資料庫/05個體經濟學/5.02黃貞穎/小考,小考,https://drive.google.com/drive/folders/1jQc153Exwdw-LOV4d3uJ7UxUW3ZBUghG,
經濟資料庫/05個體經濟學/5.02黃貞穎/下學期期末考,下學期期末考,https://drive.google.com/drive/folders/1jQoUM9p4TR70NNSOWYvU5WloSIucK8WY,
經濟資料庫/05個體經濟學/5.07江淳芳,5.07江淳芳,https://drive.google.com/drive/folders/1qZpqC_rtfjEvB32qNVESfGeigozhmLMH,
經濟資料庫/05個體經濟學/5.07江淳芳/上學期期中考,上學期期中考,https://drive.google.com/drive/folders/10lDdpgBJplVJ2GesutbxLEQhcuhmuwHL,
經濟資料庫/05個體經濟學/5.07江淳芳/下學期期中考,下學期期中考,https://drive.google.com/drive/folders/1GLpvwtsVd6fJvQsKuWKRu3B13w_mmN54,
經濟資料庫/05個體經濟學/5.07江淳芳/  課程評價,  課程評價,https://drive.google.com/drive/folders/1QhLEjAXRB1m7IvX45TXSBJMVp-5B3QBY,
經濟資料庫/05個體經濟學/5.07江淳芳/ 下學期期末考, 下學期期末考,https://drive.google.com/drive/folders/1YAi-Ys8uRG0Jrx1Ky1ak7hOrlIGt5l9M,
經濟資料庫/05個體經濟學/5.07江淳芳/習題,習題,https://drive.google.com/drive/folders/1vlFvq8Ma-KUsNKdiybCRAXDJ5K2njqMG,
經濟資料庫/83計量經濟理論三四,83計量經濟理論三四,https://drive.google.com/drive/folders/1stXSLr5U7uUyg6_R-saY3u9xFYt3Amrg,
經濟資料庫/83計量經濟理論三四/83.02黃景沂(四上),83.02黃景沂(四上),https://drive.google.com/drive/folders/1BglDjN7cB1tZc-zrEAkxMVMDseKT6YE_,
經濟資料庫/83計量經濟理論三四/83.01管中閔(三),83.01管中閔(三),https://drive.google.com/drive/folders/1jWhK2rdUNdDJyC-VzK_MggO7TUQupzBm,
經濟資料庫/83計量經濟理論三四/83.03陳釗而(四下),83.03陳釗而(四下),https://drive.google.com/drive/folders/1qmoRbwIe8GR4Wp5476Hl3bJ1UiwruYsy,
經濟資料庫/24公司理財,24公司理財,https://drive.google.com/drive/folders/1xInegBfF-TTDCzj265QGgpyQSH7qrmhA,
經濟資料庫/24公司理財/24.01吳儀玲,24.01吳儀玲,https://drive.google.com/drive/folders/1LSabBq_xRQY4fPQpXp1sx0wYcO4dEZXq,
經濟資料庫/24公司理財/24.01吳儀玲/期末考,期末考,https://drive.google.com/drive/folders/1IqFSeHQ60b-qV1O9pZdzxHtMEHHV-HJu,
經濟資料庫/24公司理財/24.01吳儀玲/期中考,期中考,https://drive.google.com/drive/folders/1dGhWPT3mv9isQe28o_hZPq_v-t0WJ2yU,
經濟資料庫/11國際金融,11國際金融,https://drive.google.com/drive/folders/1xqqN5k7nIBcPWwTOdcpTw22T8xCsK_Zu,
經濟資料庫/11國際金融/11.04許嘉棟,11.04許嘉棟,https://drive.google.com/drive/folders/1iuztYOTGZm28KnTBlQtt0Y9S8fUkFZLx,
經濟資料庫/11國際金融/11.04許嘉棟/期末考,期末考,https://drive.google.com/drive/folders/1VVDJ7NPW0lUpsE8lpD7Kq0PtJzDWwt3i,
經濟資料庫/11國際金融/11.03曹添旺,11.03曹添旺,https://drive.google.com/drive/folders/1KIWf5EgvX8Xrq8LT_EJTj2fpqz5I0kS4,
經濟資料庫/11國際金融/11.03曹添旺/期末考,期末考,https://drive.google.com/drive/folders/15rrd5ClaX-7QWHA8ilo77H9Bf0H7GHia,
經濟資料庫/11國際金融/11.03曹添旺/上課講義,上課講義,https://drive.google.com/drive/folders/1DX53arroWqTCCYvk6kfHCLOmbjzsRoli,
經濟資料庫/11國際金融/11.03曹添旺/課本習題解答(老師指定作業),課本習題解答(老師指定作業),https://drive.google.com/drive/folders/1LfsnUz7FvTKVg49P5ZrRZkTwDgSpCXnw,
經濟資料庫/11國際金融/11.03曹添旺/期中考,期中考,https://drive.google.com/drive/folders/1xFYStJbGLWiMjI8BliX6c6RrtlLtTe1w,
經濟資料庫/11國際金融/11.05陳旭昇,11.05陳旭昇,https://drive.google.com/drive/folders/1e9V49shx7DKZBJmx4dKWAA6Equ7YO0Jf,
經濟資料庫/11國際金融/11.05陳旭昇/下學期期末考,下學期期末考,https://drive.google.com/drive/folders/1B06gGMcnsB02TR6lZqwwLLKavwGvxmvJ,
經濟資料庫/11國際金融/11.05陳旭昇/下學期期中考,下學期期中考,https://drive.google.com/drive/folders/1JX4uwxoxM0eBNylGZIzGlYQvOWBZOXrQ,
經濟資料庫/11國際金融/11.01許振明,11.01許振明,https://drive.google.com/drive/folders/1earUM0gsIN_oiF55C-2M1XHYYNzG-PcE,
經濟資料庫/11國際金融/11.01許振明/上學期期中考,上學期期中考,https://drive.google.com/drive/folders/1jXdfZqE1HCeTVDXfCoc0KbO3OFUraq_6,
經濟資料庫/11國際金融/11.02柏木昌成,11.02柏木昌成,https://drive.google.com/drive/folders/1k49EKolpFI8mBoK2CS-2iL7jIDrMIGTt,
經濟資料庫/38財務經濟學,38財務經濟學,https://drive.google.com/drive/folders/1zQTpHbYe3RtRSS0Jzezd02dSwwO8e4S2,
經濟資料庫/32線性代數,32線性代數,https://drive.google.com/drive/folders/1zu7TWvvOODPCemEL1xkYnrD2f4bjgrHH,
經濟資料庫/32線性代數/32.01余正道,32.01余正道,https://drive.google.com/drive/folders/1DBm4k4T6esjLdDaQyH8Y2xMEZbq6-eRE,
經濟資料庫/32線性代數/32.01余正道/課程評價,課程評價,https://drive.google.com/drive/folders/1bFkuszBOcaDqijN8QYrBglb44Ej2sctf,
經濟資料庫/32線性代數/32.03莊武諺,32.03莊武諺,https://drive.google.com/drive/folders/1Yo7hE_eF4o6SAvPyftrOpCFLl4UMzJhE,
經濟資料庫/32線性代數/32.03莊武諺/期中考,期中考,https://drive.google.com/drive/folders/1cHEGi6VhZ-P0WOmufUWiBO0GAdqN5Jwn,
經濟資料庫/32線性代數/32.03莊武諺/期末考,期末考,https://drive.google.com/drive/folders/1l4rCiDtq2B_qsJi1WAXbCHmvoDoZY3nA,
經濟資料庫/32線性代數/32.02朱樺,32.02朱樺,https://drive.google.com/drive/folders/1usi1pzCuKo7_FAoaVIyg1ikV7ZUbKMx_,
經濟資料庫/06總體經濟學,06總體經濟學,https://drive.google.com/drive/folders/14G3JC1iEbCbrNPof9llxNzjxKzJOS138,
經濟資料庫/06總體經濟學/6.06崔柄和,6.06崔柄和,https://drive.google.com/drive/folders/1FRPCOAHFzqihc_Weq5P67SMbZQkpNpm8,
經濟資料庫/06總體經濟學/6.04梁明義,6.04梁明義,https://drive.google.com/drive/folders/1PO2WYrf1ULFStHN_fV9zmk5Q1UfxtyWr,
經濟資料庫/06總體經濟學/6.07蘇軒立,6.07蘇軒立,https://drive.google.com/drive/folders/1_Jq2YCy2RW0mvJsUuQxEeih4nMlVF5wj,
經濟資料庫/06總體經濟學/6.02謝德宗,6.02謝德宗,https://drive.google.com/drive/folders/10FsS-0ee0u4RLVm1rcoH2dtMx1MtjerU,
經濟資料庫/06總體經濟學/6.05宮崎浩一,6.05宮崎浩一,https://drive.google.com/drive/folders/1NNlD9QAIrp_dUgZ7us2l8HDOvFlt7ABL,
經濟資料庫/06總體經濟學/6.01毛慶生,6.01毛慶生,https://drive.google.com/drive/folders/1RcPmW_ag_eo0Nr_W594aZvN9e5pjqHKP,
經濟資料庫/06總體經濟學/6.01毛慶生/下學期期末考,下學期期末考,https://drive.google.com/drive/folders/10866e4Nu0ckS87UiZLbEc8T0ULBj7HZI,
經濟資料庫/06總體經濟學/6.01毛慶生/上學期期末考,上學期期末考,https://drive.google.com/drive/folders/1APWpfKKxRq96LqpUQxH3dHNRdBVzJDyH,
經濟資料庫/06總體經濟學/6.01毛慶生/筆記,筆記,https://drive.google.com/drive/folders/1CbWpho2yCJdqamex4Z_iuR2AzwMQAGfA,
經濟資料庫/06總體經濟學/6.01毛慶生/課程評價,課程評價,https://drive.google.com/drive/folders/1U3aHsT-d4uHlTuCivKz3mtSODSOFwcd1,
經濟資料庫/06總體經濟學/6.01毛慶生/上學期期中考,上學期期中考,https://drive.google.com/drive/folders/1UcyWyT5x6sj7P7rGuI_TL7r1_cew024d,
經濟資料庫/06總體經濟學/6.01毛慶生/下學期期中考,下學期期中考,https://drive.google.com/drive/folders/1X1Ll6J_1lQoKz3LBwzJBpYQ4LUojvwlh,
經濟資料庫/06總體經濟學/6.01毛慶生/ 補充資料, 補充資料,https://drive.google.com/drive/folders/1xdPXxkQuxCmPuNdMWsIqJegW5Ix3Xx43,
經濟資料庫/06總體經濟學/6.03王泓仁,6.03王泓仁,https://drive.google.com/drive/folders/1f4r9eN-x0fv0DdsIo3srAWXz3vLMdZXz,
經濟資料庫/04民法概要_商事法,04民法概要_商事法,https://drive.google.com/drive/folders/1FmVKnPkcW9jbFlTjKc46rdui0PnvUZ1u,
經濟資料庫/04民法概要_商事法/4.02黃銘傑-商事法,4.02黃銘傑-商事法,https://drive.google.com/drive/folders/1L32oJzjOB6vHtlSCykupP9eW33e6_QDL,
經濟資料庫/04民法概要_商事法/4.01黃詩淳-民法概要,4.01黃詩淳-民法概要,https://drive.google.com/drive/folders/1N8Ec-0ZMQ2EVMwzzoVeyrs1iVwQQOOYr,
經濟資料庫/04民法概要_商事法/4.01黃詩淳-民法概要/課堂講義解答及筆記,課堂講義解答及筆記,https://drive.google.com/drive/folders/1TmxFj2CaCvJXr7aLbIG_ucaoP3cS_OSU,
經濟資料庫/04民法概要_商事法/4.01黃詩淳-民法概要/歷年評價文,歷年評價文,https://drive.google.com/drive/folders/1lWgcwRLT_1oVTD9tuem9zmPviFSzTdpl,
經濟資料庫/04民法概要_商事法/4.01黃詩淳-民法概要/課本問題解答,課本問題解答,https://drive.google.com/drive/folders/1wctj1JXpP-88b8mBcnFs98vaYjalr4q2,
經濟資料庫/04民法概要_商事法/4.03蕭富山-商事法,4.03蕭富山-商事法,https://drive.google.com/drive/folders/1UlVNeE5g1TV-AcZO-fE9uMKMPKZtG8_b,
經濟資料庫/04民法概要_商事法/4.04楊岳平-商事法,4.04楊岳平-商事法,https://drive.google.com/drive/folders/1q8DKcR06utsuCaXIASB5ao3VB8VXHFB8,
經濟資料庫/62個體經濟理論一,62個體經濟理論一,https://drive.google.com/drive/folders/1HQqtlQOutnbj-qjwJwAV9sjvFF2bP8eX,
經濟資料庫/62個體經濟理論一/61.02王道一(一下),61.02王道一(一下),https://drive.google.com/drive/folders/1IryXIGh9pvpR8UQkOc4eyIwxr_vFUQMS,
經濟資料庫/62個體經濟理論一/61.01古慧雯(一上),61.01古慧雯(一上),https://drive.google.com/drive/folders/1MnbpnbkDTuU1Gk8yFDS5PWqVXDZreQcE,
經濟資料庫/37經濟數學,37經濟數學,https://drive.google.com/drive/folders/1II-9qeBNHFPvzbHCw3WG-PnNUueM8Wda,
經濟資料庫/37經濟數學/37.01周建富,37.01周建富,https://drive.google.com/drive/folders/1p8C946Xc8g2ILoem4LFsC_Dp_ILcRgPU,
經濟資料庫/37經濟數學/37.01周建富/期中考,期中考,https://drive.google.com/drive/folders/1SmYbNEwGzrmJmwth-ulYvKO-8vuLXaK8,
經濟資料庫/37經濟數學/37.01周建富/投影片,投影片,https://drive.google.com/drive/folders/1WfdBqJMQlttLEyYnInJvZ4SYzfJHcvlV,
經濟資料庫/37經濟數學/37.01周建富/期末考,期末考,https://drive.google.com/drive/folders/1lvVv-nSfILWCwrbMUejSIAtGICgPZf5p,
經濟資料庫/22投資學,22投資學,https://drive.google.com/drive/folders/1QIo92ZuCZHvJ-wXUJSzdTKSm44JGEu9B,
經濟資料庫/22投資學/22.01蘇永成,22.01蘇永成,https://drive.google.com/drive/folders/1BTB6RfET7BsAKqynCL1qjED7LtIeRcgu,
經濟資料庫/22投資學/22.04陳彥行,22.04陳彥行,https://drive.google.com/drive/folders/1Dpx9mQokdWHQ9sVTSxRo4kdAZSNEmIsc,
經濟資料庫/22投資學/22.02陳其美,22.02陳其美,https://drive.google.com/drive/folders/1JwY-akxAvmYmftsrBQ9PrLOjzLIo950c,
經濟資料庫/22投資學/22.02陳其美/習題,習題,https://drive.google.com/drive/folders/1EU6ECA85ryPvBp0_y025D-vjcR2PCyzJ,
經濟資料庫/22投資學/22.02陳其美/期中考,期中考,https://drive.google.com/drive/folders/1h8GaDE0WNQEb2lCYO7OdKwQVPqLO9zYg,
經濟資料庫/22投資學/22.02陳其美/期末考,期末考,https://drive.google.com/drive/folders/1uN99XAZDr8R5GIUrSJNW-0dhnM2b2V2q,
經濟資料庫/22投資學/22.03陳聖賢,22.03陳聖賢,https://drive.google.com/drive/folders/1wQCUe3zf8ueGu1i9Hpmw36S0WzGoInbJ,
經濟資料庫/22投資學/22.03陳聖賢/上課講義,上課講義,https://drive.google.com/drive/folders/1lsBZUycg3udpdYlTSvEnqSE_I3h2L1fQ,
經濟資料庫/21財務管理,21財務管理,https://drive.google.com/drive/folders/1c1hB7GU3tuheaWfFdPTrefT_Kv6aYTVk,
經濟資料庫/21財務管理/21.02陳業寧,21.02陳業寧,https://drive.google.com/drive/folders/1SiNWHuD3o9uYgirba_V5tzBcbKd2NVE_,
經濟資料庫/21財務管理/21.02陳業寧/期中考,期中考,https://drive.google.com/drive/folders/1Dwo9z8XwZ04scem0fum8afJePMnFMfTT,
經濟資料庫/21財務管理/21.01陳明賢,21.01陳明賢,https://drive.google.com/drive/folders/1uK6Plk_Csas2_pV9gLSQrYvLC3mNNkl1,
經濟資料庫/81個體經濟理論三四,81個體經濟理論三四,https://drive.google.com/drive/folders/1c_9cbonKwR4M80PJaz5tmDcJIMvMLlnq,
經濟資料庫/81個體經濟理論三四/81.01蔡崇聖(三上),81.01蔡崇聖(三上),https://drive.google.com/drive/folders/1-sIlcWOHqmrEMbm4B7tIHXrRUhJiJHWZ,
經濟資料庫/81個體經濟理論三四/81.02陳恭平(三下),81.02陳恭平(三下),https://drive.google.com/drive/folders/1E5f_aSpH8bNHe2qoQyctfj7jEk3FROor,
經濟資料庫/81個體經濟理論三四/81.03金善鐸(四上),81.03金善鐸(四上),https://drive.google.com/drive/folders/1obvjU2HsFDht5DfN_LwgP-XzW6DstQBE,
經濟資料庫/81個體經濟理論三四/81.04潘萬祥(四下),81.04潘萬祥(四下),https://drive.google.com/drive/folders/1srYqrsss3ULldtzzxsuQLD9Xwu6mCp9W,
經濟資料庫/36台灣產業組織與發展,36台灣產業組織與發展,https://drive.google.com/drive/folders/1f61akOWBrxRMqyBDlSNtn2ZD7sacL2QN,
經濟資料庫/36台灣產業組織與發展/36.01陳正倉,36.01陳正倉,https://drive.google.com/drive/folders/1PBAA39H084fRgdPH7TulJAT5Du8fFnGa,
經濟資料庫/36台灣產業組織與發展/36.01陳正倉/課程評價,課程評價,https://drive.google.com/drive/folders/11kdq_2yOLJJVH8Y77Dk5p_gje_C2pGYt,
經濟資料庫/63總體經濟理論一,63總體經濟理論一,https://drive.google.com/drive/folders/1jVyFYtHcGmVnGU8QDC8IPYEWjNXZnDcA,
經濟資料庫/63總體經濟理論一/63.01毛慶生(一上),63.01毛慶生(一上),https://drive.google.com/drive/folders/1hHnsdR93JYRF1gSK1kTCUVBYALb25l9t,
經濟資料庫/63總體經濟理論一/63.02陳虹如(一下),63.02陳虹如(一下),https://drive.google.com/drive/folders/1jTVH3vZSWcMAmZCplZUI7ibR6kWlc8SJ,